{
    "HoloPipboyPosition": {
        "rotation": [
            1.0,
            0.0,
            0.0,
            0.0,
            0.0,
            0.9999313950538635,
            0.011705425567924976,
            0.0,
            0.0,
            -0.011705425567924976,
            0.9999313950538635,
            0.0
        ],
        "scale": 0.7020038366317749,
        "x": -3.3901476860046387,
        "y": 0.9889001846313477,
        "z": 1.786665678024292
    }
}