{
    "AttaboyPosition": {
        "rotation": [
            0.7876706123352051,
            -0.5766819715499878,
            0.21681849658489227,
            0.0,
            0.5888394713401794,
            0.8081820607185364,
            0.010376272723078728,
            0.0,
            -0.18121403455734253,
            0.11949920654296875,
            0.9761546850204468,
            0.0
        ],
        "scale": 2.369999647140503,
        "x": 10.779430389404297,
        "y": 0.2258957475423813,
        "z": -9.791266441345215
    }
}