{
    "HoloPipboyPosition": {
        "rotation": [
            1.0,
            8.742277657347586e-08,
            8.742277657347586e-08,
            0.0,
            -1.2360014522982965e-07,
            0.723612368106842,
            0.6902115345001221,
            0.0,
            -2.9200408757645846e-09,
            -0.6902115345001221,
            0.723612368106842,
            0.0
        ],
        "scale": 2.3690199851989746,
        "x": 0.4280143082141876,
        "y": -8.274951934814453,
        "z": 2.846123218536377
    }
}