{
    "AttaboyPosition": {
        "rotation": [
            0.8488450646400452,
            -0.4826758801937103,
            0.21559907495975494,
            0.0,
            0.49519264698028564,
            0.8687698841094971,
            -0.004682979546487331,
            0.0,
            -0.1850470006465912,
            0.11073905229568481,
            0.9764692783355713,
            0.0
        ],
        "scale": 2.369999647140503,
        "x": 13.357583999633789,
        "y": 1.040412425994873,
        "z": -9.425225257873535
    }
}