{
    "PipboyPosition": {
        "rotation": [
            1.0,
            8.742277657347586e-08,
            8.742277657347586e-08,
            0.0,
            -9.43429157018727e-08,
            0.9965793490409851,
            0.08257567137479782,
            0.0,
            -7.990490757947555e-08,
            -0.08257567137479782,
            0.9965793490409851,
            0.0
        ],
        "scale": 1.0190008878707886,
        "x": -1.443922996520996,
        "y": -4.3217058181762695,
        "z": 1.6827954053878784
    }
}