{
    ".44-PowerArmor": {
        "rotation": [
            0.001444788882508874,
            0.9964998364448547,
            0.0819225087761879,
            0.0,
            0.9946208000183105,
            -0.00965834129601717,
            0.09849430620670319,
            0.0,
            0.0988975465297699,
            0.08093868941068649,
            -0.9921159148216248,
            0.0
        ],
        "scale": 1.3125663995742798,
        "x": 10.657079696655273,
        "y": -4.498498439788818,
        "z": -8.725934982299805
    }
}