{
    ".44-PowerArmor": {
        "rotation": [
            0.001444788882508874,
            0.9964998364448547,
            0.0819225087761879,
            0.0,
            0.9946208000183105,
            -0.00965834129601717,
            0.09849430620670319,
            0.0,
            0.0988975465297699,
            0.08093868941068649,
            -0.9921159148216248,
            0.0
        ],
        "scale": 0.9999998211860657,
        "x": 8.555512428283691,
        "y": -3.933523416519165,
        "z": -7.411325454711914
    }
}