{
    "10mm-PowerArmor": {
        "rotation": [
            -0.020964477211236954,
            0.9964889287948608,
            0.07937531173229218,
            0.0,
            0.9941446781158447,
            0.012619398534297943,
            0.10285655409097672,
            0.0,
            0.10144886374473572,
            0.08066574484109879,
            -0.9918807148933411,
            0.0
        ],
        "scale": 0.9999998211860657,
        "x": 7.79223108291626,
        "y": -4.287994861602783,
        "z": -6.014963150024414
    }
}