{
    "[Ranged] Flare Gun-PowerArmor": {
        "rotation": [
            0.03540491685271263,
            0.9956055879592896,
            0.08505602926015854,
            0.0,
            0.9926867485046387,
            -0.04466111585497856,
            0.10797426104545593,
            0.0,
            0.11124703288078308,
            0.0802086591720581,
            -0.9908652305603027,
            0.0
        ],
        "scale": 0.9999999403953552,
        "x": 9.544829368591309,
        "y": -4.153419494628906,
        "z": -7.417579650878906
    }
}