{
    "Alien Blaster-PowerArmor": {
        "rotation": [
            0.004461453761905432,
            0.9965190887451172,
            0.08157194405794144,
            0.0,
            0.9928171038627625,
            -0.013958685100078583,
            0.11484420299530029,
            0.0,
            0.11552900075912476,
            0.08007077127695084,
            -0.9903852343559265,
            0.0
        ],
        "scale": 0.9999998211860657,
        "x": 6.749612331390381,
        "y": -4.215667724609375,
        "z": -5.457161903381348
    }
}