{
    "AmmoFlareSignal$-throwable": {
        "rotation": [
            0.22215136885643005,
            -0.002943426836282015,
            -0.975018322467804,
            0.0,
            0.9448784589767456,
            -0.24595504999160767,
            0.21604414284229279,
            0.0,
            -0.24044665694236755,
            -0.9692575335502625,
            -0.05186096578836441,
            0.0
        ],
        "scale": 1.0,
        "x": -3.0122406482696533,
        "y": -5.22498083114624,
        "z": 0.5855631232261658
    }
}