{
    "Assault Rifle-offHand": {
        "rotation": [
            0.998187780380249,
            -0.05992603302001953,
            -0.005574233829975128,
            0.0,
            0.059958286583423615,
            0.9981838464736938,
            0.0058006178587675095,
            0.0,
            0.005216510035097599,
            -0.006124313920736313,
            0.999967634677887,
            0.0
        ],
        "scale": 1.0,
        "x": 0.0,
        "y": 0.0,
        "z": 0.0
    }
}