{
    "Assault Rifle-offHand": {
        "rotation": [
            0.9998839497566223,
            0.015226701274514198,
            0.0007269232883118093,
            0.0,
            -0.0152396559715271,
            0.9973146319389343,
            0.07163525372743607,
            0.0,
            0.0003657971683423966,
            -0.07163804769515991,
            0.9974305629730225,
            0.0
        ],
        "scale": 1.0,
        "x": 0.0,
        "y": 0.0,
        "z": 0.0
    }
}