{
    "Assault Rifle": {
        "rotation": [
            -0.12200000137090683,
            0.9900000095367432,
            0.0689999982714653,
            0.0,
            0.9869999885559082,
            0.11400000005960464,
            0.10899999737739563,
            0.0,
            0.10000000149011612,
            0.08100000023841858,
            -0.9919999837875366,
            0.0
        ],
        "scale": 0.9999998807907104,
        "x": 7.577486991882324,
        "y": -1.381709098815918,
        "z": -3.132999897003174
    }
}