{
    "Assault Rifle-PowerArmor": {
        "rotation": [
            -0.07824104279279709,
            0.9940788745880127,
            0.07366332411766052,
            0.0,
            0.9919247031211853,
            0.07053609192371368,
            0.10079143196344376,
            0.0,
            0.09495812654495239,
            0.08055410534143448,
            -0.9925326108932495,
            0.0
        ],
        "scale": 0.9999998807907104,
        "x": 7.744041919708252,
        "y": -3.579789400100708,
        "z": -4.114763259887695
    }
}