{
    "Baton-leftHanded": {
        "rotation": [
            -0.9203106760978699,
            0.017546892166137695,
            0.3904680907726288,
            0.0,
            0.3869215250015259,
            -0.09864944219589233,
            0.9163001775741577,
            0.0,
            0.05499425530433655,
            0.9952847361564636,
            0.08371911942958832,
            0.0
        ],
        "scale": 1.0,
        "x": 5.873718738555908,
        "y": -1.4638702869415283,
        "z": 0.2610522508621216
    }
}