{
    "Binoculars": {
        "rotation": [
            -0.06626150757074356,
            0.9964272379875183,
            0.049541175365448,
            0.0,
            0.9572870135307312,
            0.049576014280319214,
            0.28338897228240967,
            0.0,
            0.2797597050666809,
            0.06578671187162399,
            -0.958092212677002,
            0.0
        ],
        "scale": 0.9999999403953552,
        "x": 9.934033393859863,
        "y": -0.8748049736022949,
        "z": -3.9630415439605713
    }
}