{
    "Board": {
        "rotation": [
            -0.7967122197151184,
            -0.5555026531219482,
            -0.23741015791893005,
            0.0,
            0.21897143125534058,
            0.10075752437114716,
            -0.9700176119804382,
            0.0,
            0.5629686117172241,
            -0.8258471488952637,
            0.041409652680158615,
            0.0
        ],
        "scale": 0.9999998807907104,
        "x": 6.205143928527832,
        "y": -1.4188470840454102,
        "z": -3.132999897003174
    }
}