{
    "BottleVodka01Empty001$-throwable": {
        "rotation": [
            -0.8584625720977783,
            0.0925297811627388,
            -0.5044260025024414,
            0.0,
            -0.5083811283111572,
            -0.023941468447446823,
            0.8608014583587646,
            0.0,
            0.06757635623216629,
            0.9954140782356262,
            0.06759549677371979,
            0.0
        ],
        "scale": 1.0,
        "x": -2.0,
        "y": 2.489262580871582,
        "z": 1.8188796043395996
    }
}