{
    "BottleVodka01Empty001$-throwable-PowerArmor": {
        "rotation": [
            -0.8584625720977783,
            0.0925297811627388,
            -0.5044260025024414,
            0.0,
            -0.5083811283111572,
            -0.023941468447446823,
            0.8608014583587646,
            0.0,
            0.06757635623216629,
            0.9954140782356262,
            0.06759549677371979,
            0.0
        ],
        "scale": 1.0,
        "x": -2.0,
        "y": 5.065861225128174,
        "z": 3.272855043411255
    }
}