{
    "BottleVodka01Empty001$-throwable": {
        "rotation": [
            0.585041344165802,
            -0.015711165964603424,
            -0.8108510971069336,
            0.0,
            -0.8023881912231445,
            0.133988618850708,
            -0.5815350413322449,
            0.0,
            0.11778447777032852,
            0.9908502697944641,
            0.06578395515680313,
            0.0
        ],
        "scale": 1.0,
        "x": -2.820904493331909,
        "y": -3.662222385406494,
        "z": 1.3724225759506226
    }
}