{
    "BottleCapMine$-throwable": {
        "rotation": [
            -0.9512666463851929,
            0.18425309658050537,
            0.24723172187805176,
            0.0,
            0.2447122484445572,
            -0.036645498126745224,
            0.968897819519043,
            0.0,
            0.18758374452590942,
            0.9821885824203491,
            -0.010225743986666203,
            0.0
        ],
        "scale": 1.0,
        "x": -8.219751358032227,
        "y": -4.534253120422363,
        "z": 3.75634503364563
    }
}