{
    "Boxing Glove": {
        "rotation": [
            -0.9717393517494202,
            0.23484012484550476,
            -0.01946762017905712,
            0.0,
            -0.009454772807657719,
            -0.12117860466241837,
            -0.9920912384986877,
            0.0,
            -0.2350405752658844,
            -0.9648407101631165,
            0.11994218081235886,
            0.0
        ],
        "scale": 1.0,
        "x": 8.700376510620117,
        "y": -3.3331997394561768,
        "z": -1.6401630640029907
    }
}