{
    "Break Action Laser": {
        "rotation": [
            -0.12075024843215942,
            0.9901019334793091,
            0.06974149495363235,
            0.0,
            0.9743039608001709,
            0.13136541843414307,
            -0.18040671944618225,
            0.0,
            -0.187633216381073,
            0.04581664130091667,
            -0.9814754128456116,
            0.0
        ],
        "scale": 0.9999999403953552,
        "x": 6.590909957885742,
        "y": -2.3033292293548584,
        "z": -2.653655767440796
    }
}