{
    "Break Action Laser-PowerArmor": {
        "rotation": [
            0.03128208965063095,
            0.9989162683486938,
            0.029282089322805405,
            0.0,
            0.9641149640083313,
            -0.022767242044210434,
            -0.2629892826080322,
            0.0,
            -0.2618381977081299,
            0.036128487437963486,
            -0.9647196531295776,
            0.0
        ],
        "scale": 0.9999999403953552,
        "x": 8.268841743469238,
        "y": -4.17918586730957,
        "z": -3.953063488006592
    }
}