{
    "Broadsider-offHand": {
        "rotation": [
            0.8928427696228027,
            -0.45035892724990845,
            -0.0027159482706338167,
            0.0,
            0.44168174266815186,
            0.8744286298751831,
            0.20072226226329803,
            0.0,
            -0.08802219480276108,
            -0.18041281402111053,
            0.9796438217163086,
            0.0
        ],
        "scale": 1.0,
        "x": 0.0,
        "y": 0.0,
        "z": 0.0
    }
}