{
    "Broadsider-PowerArmor": {
        "rotation": [
            -0.07669509947299957,
            0.9941859245300293,
            0.07383885979652405,
            0.0,
            0.9919447302818298,
            0.06890040636062622,
            0.10171842575073242,
            0.0,
            0.09599824994802475,
            0.08064489811658859,
            -0.9924246072769165,
            0.0
        ],
        "scale": 0.9999999403953552,
        "x": 7.0803632736206055,
        "y": -5.076762676239014,
        "z": -0.6127670407295227
    }
}