{
    "Chinese Officer Sword": {
        "rotation": [
            -0.5977683067321777,
            -0.7640494108200073,
            -0.2426695078611374,
            0.0,
            0.2397836297750473,
            0.11852098256349564,
            -0.9630693197250366,
            0.0,
            0.7647269368171692,
            -0.6347758173942566,
            0.11235503107309341,
            0.0
        ],
        "scale": 1.0,
        "x": 6.01243257522583,
        "y": -1.7532867193222046,
        "z": -1.8907021284103394
    }
}