{
    "Chinese Officer Sword-PowerArmor": {
        "rotation": [
            -0.5977683067321777,
            -0.7640494108200073,
            -0.2426695078611374,
            0.0,
            0.2397836297750473,
            0.11852098256349564,
            -0.9630693197250366,
            0.0,
            0.7647269368171692,
            -0.6347758173942566,
            0.11235503107309341,
            0.0
        ],
        "scale": 1.0,
        "x": 5.5813822746276855,
        "y": -4.336336135864258,
        "z": -3.4916882514953613
    }
}