{
    "Combat Rifle": {
        "rotation": [
            -0.1499595195055008,
            0.9859829545021057,
            0.07143795490264893,
            0.0,
            0.9729200601577759,
            0.15973186492919922,
            -0.16421322524547577,
            0.0,
            -0.17318172752857208,
            0.044526126235723495,
            -0.9841922521591187,
            0.0
        ],
        "scale": 0.9999998211860657,
        "x": 6.04644775390625,
        "y": -2.223761558532715,
        "z": -2.171295166015625
    }
}