{
    "Combat Shotgun-PowerArmor": {
        "rotation": [
            -0.022035950794816017,
            0.9964464902877808,
            0.07962076365947723,
            0.0,
            0.9942668676376343,
            0.013774641789495945,
            0.10150141268968582,
            0.0,
            0.10000000149011612,
            0.08100000023841858,
            -0.9919999837875366,
            0.0
        ],
        "scale": 1.0679126977920532,
        "x": 8.22659969329834,
        "y": -4.5004496574401855,
        "z": -1.2158979177474976
    }
}