{
    "Combat Shotgun-primHand": {
        "rotation": [
            0.9422835111618042,
            0.0,
            0.3348160684108734,
            0.0,
            0.0,
            1.0,
            0.0,
            0.0,
            -0.3348160684108734,
            0.0,
            0.9422835111618042,
            0.0
        ],
        "scale": 1.0,
        "x": 0.0,
        "y": 0.0,
        "z": 0.0
    }
}