{
    "Combat Rifle-offHand": {
        "rotation": [
            0.9996042251586914,
            0.027979083359241486,
            0.002914941171184182,
            0.0,
            -0.028118500486016273,
            0.9907680749893188,
            0.1326228827238083,
            0.0,
            0.0008226349018514156,
            -0.13265234231948853,
            0.9911626577377319,
            0.0
        ],
        "scale": 1.0,
        "x": 0.0,
        "y": 0.0,
        "z": 0.0
    }
}