{
    "Combat Shotgun-PowerArmor": {
        "rotation": [
            -0.04893382266163826,
            0.9964725375175476,
            0.06615026295185089,
            0.0,
            0.9817723631858826,
            0.05980921536684036,
            -0.17788027226924896,
            0.0,
            -0.18106527626514435,
            0.055889792740345,
            -0.9821858406066895,
            0.0
        ],
        "scale": 0.9999998211860657,
        "x": 5.499377250671387,
        "y": -5.042352199554443,
        "z": -4.718442916870117
    }
}