{
    "Combat Shotgun-offHand": {
        "rotation": [
            0.9985395073890686,
            -0.053310342133045197,
            -0.008870966732501984,
            0.0,
            0.05366191267967224,
            0.9975106120109558,
            0.045747749507427216,
            0.0,
            0.006410060450434685,
            -0.04615655541419983,
            0.9989128112792969,
            0.0
        ],
        "scale": 1.0,
        "x": 0.0,
        "y": 0.0,
        "z": 0.0
    }
}