{
    "Combat Shotgun-PowerArmor": {
        "rotation": [
            -0.0023441542871296406,
            0.9965223670005798,
            0.0816149190068245,
            0.0,
            0.9945065379142761,
            -0.005958751775324345,
            0.0999048575758934,
            0.0,
            0.10000000149011612,
            0.08100000023841858,
            -0.9919999837875366,
            0.0
        ],
        "scale": 1.1578220129013062,
        "x": 7.797677993774414,
        "y": -5.670502185821533,
        "z": -5.7025275230407715
    }
}