{
    "Combat Shotgun-leftHanded": {
        "rotation": [
            -0.12200000137090683,
            -0.9900000095367432,
            -0.0689999982714653,
            0.0,
            0.9909338355064392,
            -0.11816748231649399,
            -0.055807553231716156,
            0.0,
            0.04708774387836456,
            -0.07478919625282288,
            0.9964080452919006,
            0.0
        ],
        "scale": 0.9999998807907104,
        "x": 4.368818283081055,
        "y": -1.406312346458435,
        "z": 3.132999897003174
    }
}