{
    "Combat Knife-PowerArmor": {
        "rotation": [
            -0.48186156153678894,
            -0.8459456562995911,
            -0.2288135588169098,
            0.0,
            0.2503235936164856,
            0.11744161695241928,
            -0.9605168700218201,
            0.0,
            0.839515209197998,
            -0.5209121704101563,
            0.155134379863739,
            0.0
        ],
        "scale": 1.0,
        "x": 5.9729766845703125,
        "y": -4.003493309020996,
        "z": -3.132999897003174
    }
}