{
    "Combat Shotgun-offHand": {
        "rotation": [
            0.9998241066932678,
            0.01875295303761959,
            2.7339328880771063e-05,
            0.0,
            -0.018634967505931854,
            0.9933679103851318,
            0.1134546771645546,
            0.0,
            0.002100453246384859,
            -0.11343512684106827,
            0.9935427308082581,
            0.0
        ],
        "scale": 1.0,
        "x": 0.0,
        "y": 0.0,
        "z": 0.0
    }
}