{
    "Combat Knife": {
        "rotation": [
            -0.9399396181106567,
            0.15502168238162994,
            -0.3036889135837555,
            0.0,
            0.3228082060813904,
            0.11852098256349564,
            -0.9385061264038086,
            0.0,
            -0.10922782868146896,
            -0.9811655282974243,
            -0.16127155721187592,
            0.0
        ],
        "scale": 1.0,
        "x": 5.915649890899658,
        "y": -1.5164837837219238,
        "z": -2.987612247467041
    }
}