{
    "Combat Rifle-primHand": {
        "rotation": [
            0.947282612323761,
            0.0,
            0.32039928436279297,
            0.0,
            0.0,
            1.0,
            0.0,
            0.0,
            -0.32039928436279297,
            0.0,
            0.947282612323761,
            0.0
        ],
        "scale": 1.0,
        "x": 0.0,
        "y": 0.0,
        "z": 0.0
    }
}