{
    "Combat Rifle-PowerArmor": {
        "rotation": [
            -0.05828014388680458,
            0.995848536491394,
            0.06796562671661377,
            0.0,
            0.9977145195007324,
            0.059005435556173325,
            -0.010956080630421638,
            0.0,
            -0.014887153171002865,
            0.06678789854049683,
            -0.9979811310768127,
            0.0
        ],
        "scale": 0.9999998211860657,
        "x": 7.82236909866333,
        "y": -5.049493312835693,
        "z": -4.814598560333252
    }
}