{
    "Combat Shotgun-primHand-leftHanded": {
        "rotation": [
            0.8745846152305603,
            0.0,
            -0.48487159609794617,
            0.0,
            0.0,
            1.0,
            0.0,
            0.0,
            0.48487159609794617,
            0.0,
            0.8745846152305603,
            0.0
        ],
        "scale": 1.0,
        "x": 0.0,
        "y": 0.0,
        "z": 0.0
    }
}