{
    "Combat Shotgun": {
        "rotation": [
            -0.11070502549409866,
            0.991267204284668,
            0.06984321027994156,
            0.0,
            0.9875810742378235,
            0.11719799041748047,
            -0.09993506222963333,
            0.0,
            -0.10715223848819733,
            0.057546041905879974,
            -0.9928948283195496,
            0.0
        ],
        "scale": 0.9999998211860657,
        "x": 6.052604675292969,
        "y": -2.1827759742736816,
        "z": -2.2669830322265625
    }
}