{
    "Combat Rifle-primHand-PowerArmor": {
        "rotation": [
            0.9740477800369263,
            0.0,
            0.22634027898311615,
            0.0,
            0.0,
            1.0,
            0.0,
            0.0,
            -0.22634027898311615,
            0.0,
            0.9740477800369263,
            0.0
        ],
        "scale": 1.0,
        "x": 0.0,
        "y": 0.0,
        "z": 0.0
    }
}