{
    "Combat Rifle-primHand-leftHanded": {
        "rotation": [
            0.8776546716690063,
            0.0,
            -0.479293555021286,
            0.0,
            0.0,
            1.0,
            0.0,
            0.0,
            0.479293555021286,
            0.0,
            0.8776546716690063,
            0.0
        ],
        "scale": 1.0,
        "x": 0.0,
        "y": 0.0,
        "z": 0.0
    }
}