{
    "Combat Shotgun": {
        "rotation": [
            -0.11369318515062332,
            0.9909093976020813,
            0.07012367248535156,
            0.0,
            0.9888522028923035,
            0.1192445382475853,
            -0.08357853442430496,
            0.0,
            -0.09109582751989365,
            0.05946994572877884,
            -0.9943856000900269,
            0.0
        ],
        "scale": 0.9999998211860657,
        "x": 5.379843235015869,
        "y": -2.251077651977539,
        "z": -3.132999897003174
    }
}