{
    "Combat Rifle-offHand": {
        "rotation": [
            0.9991669654846191,
            0.04054658114910126,
            0.00460555125027895,
            0.0,
            -0.04079831764101982,
            0.9901936650276184,
            0.1336132436990738,
            0.0,
            0.0008571722428314388,
            -0.13368983566761017,
            0.9910231828689575,
            0.0
        ],
        "scale": 1.0,
        "x": 0.0,
        "y": 0.0,
        "z": 0.0
    }
}