{
    "Combat Shotgun-offHand": {
        "rotation": [
            0.9982282519340515,
            -0.05947510898113251,
            -0.001242401311174035,
            0.0,
            0.05926789343357086,
            0.992520272731781,
            0.10670246183872223,
            0.0,
            -0.005113035440444946,
            -0.10658710449934006,
            0.9942890405654907,
            0.0
        ],
        "scale": 1.0,
        "x": 0.0,
        "y": 0.0,
        "z": 0.0
    }
}