{
    "Cryolator-offHand": {
        "rotation": [
            0.982444703578949,
            -0.17252269387245178,
            -0.07098495215177536,
            0.0,
            0.18549905717372894,
            0.943838894367218,
            0.27342820167541504,
            0.0,
            0.019825663417577744,
            -0.2817957401275635,
            0.9592710137367249,
            0.0
        ],
        "scale": 1.0,
        "x": 0.0,
        "y": 0.0,
        "z": 0.0
    }
}