{
    "Cryolator-offHand": {
        "rotation": [
            0.9876826405525208,
            -0.1411157101392746,
            -0.06760767847299576,
            0.0,
            0.15450164675712585,
            0.947905421257019,
            0.27858561277389526,
            0.0,
            0.024772673845291138,
            -0.28559917211532593,
            0.9580301642417908,
            0.0
        ],
        "scale": 1.0,
        "x": 0.0,
        "y": 0.0,
        "z": 0.0
    }
}