{
    "Cryolator-offHand": {
        "rotation": [
            0.9407958388328552,
            -0.3173616826534271,
            -0.11910562217235565,
            0.0,
            0.32953229546546936,
            0.938631534576416,
            0.1019129529595375,
            0.0,
            0.0794527605175972,
            -0.13512776792049408,
            0.9876390695571899,
            0.0
        ],
        "scale": 1.0,
        "x": 0.0,
        "y": 0.0,
        "z": 0.0
    }
}