{
    "CryoGrenade$-throwable": {
        "rotation": [
            0.9943779706954956,
            -0.10492666810750961,
            -0.01423645205795765,
            0.0,
            0.10488012433052063,
            0.9944767951965332,
            -0.0039795697666704655,
            0.0,
            0.014575359411537647,
            0.0024640834890305996,
            0.9998905062675476,
            0.0
        ],
        "scale": 1.0,
        "x": -1.2556971311569214,
        "y": 2.9818155765533447,
        "z": 0.4637044072151184
    }
}