{
    "Cryolator-offHand-PowerArmor": {
        "rotation": [
            0.8995003700256348,
            -0.4183763861656189,
            -0.12594833970069885,
            0.0,
            0.42465928196907043,
            0.9049612879753113,
            0.026738177984952927,
            0.0,
            0.1027916818857193,
            -0.07753532379865646,
            0.991676390171051,
            0.0
        ],
        "scale": 1.0,
        "x": 0.0,
        "y": 0.0,
        "z": 0.0
    }
}