{
    "CryoMine$-throwable": {
        "rotation": [
            0.35676175355911255,
            -0.18977110087871552,
            -0.9147126078605652,
            0.0,
            0.052170686423778534,
            0.98167484998703,
            -0.18331362307071686,
            0.0,
            0.9327355027198792,
            0.017681527882814407,
            0.3601182699203491,
            0.0
        ],
        "scale": 1.0,
        "x": -4.408487796783447,
        "y": 1.5661474466323853,
        "z": 4.240355968475342
    }
}