{
    "Deliverer": {
        "rotation": [
            -0.10194055736064911,
            0.9918408393859863,
            0.07489027827978134,
            0.0,
            0.9652125835418701,
            0.08057457208633423,
            0.24698957800865173,
            0.0,
            0.23880156874656677,
            0.09704887121915817,
            -0.966484546661377,
            0.0
        ],
        "scale": 0.9999998807907104,
        "x": 6.5405964851379395,
        "y": -2.040982723236084,
        "z": -2.2043442726135254
    }
}