{
    "Deliverer-PowerArmor": {
        "rotation": [
            0.040406715124845505,
            0.995348334312439,
            0.0858340933918953,
            0.0,
            0.9936912059783936,
            -0.048788610845804214,
            0.09630459547042847,
            0.0,
            0.10000000149011612,
            0.08100000023841858,
            -0.9919999837875366,
            0.0
        ],
        "scale": 1.4263739585876465,
        "x": 6.949221611022949,
        "y": -4.123799800872803,
        "z": -4.092338562011719
    }
}