{
    "Deliverer-PowerArmor": {
        "rotation": [
            0.02181425504386425,
            0.996086597442627,
            0.08401785045862198,
            0.0,
            0.9942731261253357,
            -0.030163688585162163,
            0.09789310395717621,
            0.0,
            0.10000000149011612,
            0.08100000023841858,
            -0.9919999837875366,
            0.0
        ],
        "scale": 1.3679263591766357,
        "x": 5.585274696350098,
        "y": -4.274625778198242,
        "z": -4.401377201080322
    }
}