{
    "Deliverer-PowerArmor": {
        "rotation": [
            -0.0533856600522995,
            0.9955942630767822,
            0.07535763084888458,
            0.0,
            0.9931890964508057,
            0.0453934520483017,
            0.10280844569206238,
            0.0,
            0.09889169037342072,
            0.07993199676275253,
            -0.9921980500221252,
            0.0
        ],
        "scale": 0.9999998807907104,
        "x": 8.301901817321777,
        "y": -4.194574356079102,
        "z": -4.783316135406494
    }
}