{
    "Double-Barrel Shotgun-offHand": {
        "rotation": [
            0.999886155128479,
            0.01507113128900528,
            0.00037600440555252135,
            0.0,
            -0.01507121603935957,
            0.9986546039581299,
            0.04962523281574249,
            0.0,
            0.00037240993697196245,
            -0.049625251442193985,
            0.9987683892250061,
            0.0
        ],
        "scale": 1.0,
        "x": 0.0,
        "y": 0.0,
        "z": 0.0
    }
}