{
    "Double-Barrel Shotgun-primHand": {
        "rotation": [
            0.9876354932785034,
            0.0,
            0.1567690521478653,
            0.0,
            0.0,
            1.0,
            0.0,
            0.0,
            -0.1567690521478653,
            0.0,
            0.9876354932785034,
            0.0
        ],
        "scale": 1.0,
        "x": 0.0,
        "y": 0.0,
        "z": 0.0
    }
}