{
    "Double-Barrel Shotgun-primHand-leftHanded": {
        "rotation": [
            0.9561437368392944,
            0.0,
            -0.29290109872817993,
            0.0,
            0.0,
            1.0,
            0.0,
            0.0,
            0.29290109872817993,
            0.0,
            0.9561437368392944,
            0.0
        ],
        "scale": 1.0,
        "x": 0.0,
        "y": 0.0,
        "z": 0.0
    }
}