{
    "Double-Barrel Shotgun-leftHanded": {
        "rotation": [
            -0.11551883071660995,
            -0.9907592535018921,
            -0.0692494660615921,
            0.0,
            0.9924411177635193,
            -0.11313744634389877,
            -0.03585145249962807,
            0.0,
            0.02769041620194912,
            -0.07247670739889145,
            0.9973080158233643,
            0.0
        ],
        "scale": 0.9999999403953552,
        "x": 7.246151447296143,
        "y": -1.7619719505310059,
        "z": 0.5300561189651489
    }
}