{
    "Double-Barrel Shotgun-PowerArmor": {
        "rotation": [
            -0.02872634492814541,
            0.9963346719741821,
            0.07889879494905472,
            0.0,
            0.9943593144416809,
            0.02069905772805214,
            0.09939403831958771,
            0.0,
            0.09735433012247086,
            0.08090830594301224,
            -0.9922713041305542,
            0.0
        ],
        "scale": 0.9999999403953552,
        "x": 7.972021102905273,
        "y": -3.8917653560638428,
        "z": -6.475691795349121
    }
}