{
    "Double-Barrel Shotgun-PowerArmor": {
        "rotation": [
            -0.07630088925361633,
            0.9942074418067932,
            0.07395889610052109,
            0.0,
            0.9915798902511597,
            0.0681709349155426,
            0.1056981235742569,
            0.0,
            0.10000000149011612,
            0.08100000023841858,
            -0.9919999837875366,
            0.0
        ],
        "scale": 0.9999997615814209,
        "x": 8.958996772766113,
        "y": -4.358945369720459,
        "z": -3.4512860774993896
    }
}