{
    "Fat Man": {
        "rotation": [
            -0.12200000137090683,
            0.9900000095367432,
            0.0689999982714653,
            0.0,
            0.9869999885559082,
            0.11400000005960464,
            0.10899999737739563,
            0.0,
            0.10000000149011612,
            0.08100000023841858,
            -0.9919999837875366,
            0.0
        ],
        "scale": 0.9999999403953552,
        "x": 5.660710334777832,
        "y": -2.80429744720459,
        "z": -0.7151927351951599
    }
}