{
    "Fat Man": {
        "rotation": [
            -0.13366642594337463,
            0.9886028170585632,
            0.0674029216170311,
            0.0,
            0.9765891432762146,
            0.12005552649497986,
            0.1758948564529419,
            0.0,
            0.16570933163166046,
            0.08892790973186493,
            -0.9824573993682861,
            0.0
        ],
        "scale": 0.9999999403953552,
        "x": 5.434455871582031,
        "y": -2.53005051612854,
        "z": -0.7151927351951599
    }
}