{
    "Fat Man-PowerArmor": {
        "rotation": [
            0.05758632346987724,
            0.9943200945854187,
            0.0878789946436882,
            0.0,
            0.9909422397613525,
            -0.06744702905416489,
            0.11212464421987534,
            0.0,
            0.11735957860946655,
            0.08022297918796539,
            -0.9901577234268188,
            0.0
        ],
        "scale": 0.9999999403953552,
        "x": 6.197409629821777,
        "y": -4.886096477508545,
        "z": -2.460353136062622
    }
}