{
    "Fat Man-offHand": {
        "rotation": [
            0.9755765199661255,
            -0.2196301370859146,
            0.0034879259765148163,
            0.0,
            0.2194429486989975,
            0.9752019047737122,
            0.028756320476531982,
            0.0,
            -0.009717186912894249,
            -0.02728862129151821,
            0.9995807409286499,
            0.0
        ],
        "scale": 1.0,
        "x": 0.0,
        "y": 0.0,
        "z": 0.0
    }
}