{
    "Fat Man-offHand-PowerArmor": {
        "rotation": [
            0.964411735534668,
            -0.2644091844558716,
            0.00019031594274565578,
            0.0,
            0.2643406093120575,
            0.9641447067260742,
            -0.023489557206630707,
            0.0,
            0.006027353461831808,
            0.022703882306814194,
            0.9997244477272034,
            0.0
        ],
        "scale": 1.0,
        "x": 0.0,
        "y": 0.0,
        "z": 0.0
    }
}