{
    "Flamer-PowerArmor": {
        "rotation": [
            -0.003149088006466627,
            0.9965646266937256,
            0.08108597993850708,
            0.0,
            0.9951272010803223,
            -0.004590840544551611,
            0.09361343085765839,
            0.0,
            0.09362438321113586,
            0.08058547973632813,
            -0.9926571846008301,
            0.0
        ],
        "scale": 0.9999999403953552,
        "x": 14.980135917663574,
        "y": -4.1008429527282715,
        "z": -4.99921178817749
    }
}