{
    "Flamer-offHand-PowerArmor": {
        "rotation": [
            0.8996769785881042,
            -0.42863157391548157,
            -0.08279742300510406,
            0.0,
            0.4186277389526367,
            0.900867760181427,
            -0.11485449224710464,
            0.0,
            0.12381967902183533,
            0.06867130845785141,
            0.9899219870567322,
            0.0
        ],
        "scale": 1.0,
        "x": 0.0,
        "y": 0.0,
        "z": 0.0
    }
}