{
    "Flamer-offHand": {
        "rotation": [
            0.9301844239234924,
            -0.3547529876232147,
            -0.09437287598848343,
            0.0,
            0.3412672281265259,
            0.9304044842720032,
            -0.1337394416332245,
            0.0,
            0.1352493315935135,
            0.09219671785831451,
            0.9865090847015381,
            0.0
        ],
        "scale": 1.0,
        "x": 0.0,
        "y": 0.0,
        "z": 0.0
    }
}