{
    "Flamer-offHand": {
        "rotation": [
            0.8737710118293762,
            -0.48027950525283813,
            -0.07651793211698532,
            0.0,
            0.463288277387619,
            0.7741332650184631,
            0.43137145042419434,
            0.0,
            -0.14794375002384186,
            -0.412369966506958,
            0.898923397064209,
            0.0
        ],
        "scale": 1.0,
        "x": 0.0,
        "y": 0.0,
        "z": 0.0
    }
}