{
    "Flamer-offHand": {
        "rotation": [
            0.9390478134155273,
            -0.3295370936393738,
            -0.09794459491968155,
            0.0,
            0.32285165786743164,
            0.9432197213172913,
            -0.07812749594449997,
            0.0,
            0.11812920868396759,
            0.0417444072663784,
            0.9921159148216248,
            0.0
        ],
        "scale": 1.0,
        "x": 0.0,
        "y": 0.0,
        "z": 0.0
    }
}