{
    "Gatling Laser-offHand-PowerArmor": {
        "rotation": [
            0.9251554608345032,
            -0.37955889105796814,
            -0.0050132991746068,
            0.0,
            0.37423303723335266,
            0.914225697517395,
            -0.1553875058889389,
            0.0,
            0.06356184929609299,
            0.14188116788864136,
            0.9878392815589905,
            0.0
        ],
        "scale": 1.0,
        "x": 0.0,
        "y": 0.0,
        "z": 0.0
    }
}