{
    "Gatling Laser-offHand": {
        "rotation": [
            0.9216096997261047,
            -0.38759031891822815,
            -0.020296890288591385,
            0.0,
            0.38691383600234985,
            0.9216066598892212,
            -0.030699890106916428,
            0.0,
            0.030604787170886993,
            0.020440230146050453,
            0.9993228316307068,
            0.0
        ],
        "scale": 1.0,
        "x": 0.0,
        "y": 0.0,
        "z": 0.0
    }
}