{
    "Gatling Laser-PowerArmor": {
        "rotation": [
            -0.053896430879831314,
            0.9954901337623596,
            0.07636938244104385,
            0.0,
            0.9928847551345825,
            0.04557178169488907,
            0.10562936961650848,
            0.0,
            0.10162760317325592,
            0.08111783862113953,
            -0.9918246865272522,
            0.0
        ],
        "scale": 0.9999999403953552,
        "x": 5.56852912902832,
        "y": -4.9222187995910645,
        "z": -1.5341382026672363
    }
}