{
    "Gatling Laser-offHand": {
        "rotation": [
            0.946152925491333,
            -0.32298189401626587,
            -0.021924296393990517,
            0.0,
            0.32200953364372253,
            0.9459401965141296,
            -0.03886205703020096,
            0.0,
            0.03329085558652878,
            0.029709655791521072,
            0.9990041255950928,
            0.0
        ],
        "scale": 1.0,
        "x": 0.0,
        "y": 0.0,
        "z": 0.0
    }
}