{
    "Gatling Laser-offHand": {
        "rotation": [
            0.9482105374336243,
            -0.31718891859054565,
            -0.017041904851794243,
            0.0,
            0.30981403589248657,
            0.935337483882904,
            -0.17077100276947021,
            0.0,
            0.07010650634765625,
            0.15664684772491455,
            0.9851618409156799,
            0.0
        ],
        "scale": 1.0,
        "x": 0.0,
        "y": 0.0,
        "z": 0.0
    }
}