{
    "Gauss Rifle-offHand": {
        "rotation": [
            0.9983910322189331,
            -0.05577751621603966,
            -0.010203788988292217,
            0.0,
            0.05670272558927536,
            0.9827648997306824,
            0.17595195770263672,
            0.0,
            0.00021376472432166338,
            -0.17624729871749878,
            0.9843459725379944,
            0.0
        ],
        "scale": 1.0,
        "x": 0.0,
        "y": 0.0,
        "z": 0.0
    }
}