{
    "Gauss Rifle-PowerArmor": {
        "rotation": [
            -0.09915009140968323,
            0.9923699498176575,
            0.07151422649621964,
            0.0,
            0.9894717931747437,
            0.09101317822933197,
            0.10821304470300674,
            0.0,
            0.10083407163619995,
            0.08108959347009659,
            -0.991908073425293,
            0.0
        ],
        "scale": 0.9999999403953552,
        "x": 6.957010746002197,
        "y": -4.612253189086914,
        "z": -2.9538767337799072
    }
}