{
    "Gauss Rifle-offHand": {
        "rotation": [
            0.9912240505218506,
            -0.1269090175628662,
            -0.0369817279279232,
            0.0,
            0.13038714230060577,
            0.9847009181976318,
            0.11560636758804321,
            0.0,
            0.021744379773736,
            -0.11941348016262054,
            0.9926061630249023,
            0.0
        ],
        "scale": 1.0,
        "x": 0.0,
        "y": 0.0,
        "z": 0.0
    }
}