{
    "GrenadePulse$-throwable-PowerArmor": {
        "rotation": [
            0.6927995085716248,
            -0.03663622587919235,
            -0.7202020287513733,
            0.0,
            0.005937384441494942,
            0.998958945274353,
            -0.045105040073394775,
            0.0,
            0.7211123108863831,
            0.026972182095050812,
            0.6922940611839294,
            0.0
        ],
        "scale": 1.0,
        "x": -1.1852518320083618,
        "y": 5.270771503448486,
        "z": 3.7192625999450684
    }
}