{
    "GrenadeFrag$-throwable": {
        "rotation": [
            1.0,
            5.960454529940762e-08,
            -1.5780489093231154e-07,
            0.0,
            -5.960454529940762e-08,
            1.0,
            -8.470329472543003e-22,
            0.0,
            1.5780489093231154e-07,
            9.40588922124664e-15,
            1.0,
            0.0
        ],
        "scale": 1.0,
        "x": -1.8371663093566895,
        "y": 3.087116241455078,
        "z": 0.9358413219451904
    }
}