{
    "Handmade Rifle": {
        "rotation": [
            -0.12200000137090683,
            0.9900000095367432,
            0.0689999982714653,
            0.0,
            0.9869999885559082,
            0.11400000005960464,
            0.10899999737739563,
            0.0,
            0.10000000149011612,
            0.08100000023841858,
            -0.9919999837875366,
            0.0
        ],
        "scale": 0.9999998807907104,
        "x": 7.754736423492432,
        "y": -1.8990000486373901,
        "z": -3.265721559524536
    }
}