{
    "Hunting Rifle-primHand-PowerArmor": {
        "rotation": [
            0.9451183676719666,
            0.0,
            0.3267284035682678,
            0.0,
            0.0,
            1.0,
            0.0,
            0.0,
            -0.3267284035682678,
            0.0,
            0.9451183676719666,
            0.0
        ],
        "scale": 1.0,
        "x": 0.0,
        "y": 0.0,
        "z": 0.0
    }
}