{
    "Hunting Rifle-primHand-leftHanded": {
        "rotation": [
            0.860407292842865,
            -0.036910634487867355,
            -0.5082712173461914,
            0.0,
            0.031779803335666656,
            0.9993178248405457,
            -0.018773382529616356,
            0.0,
            0.5086175799369812,
            0.0,
            0.8609936833381653,
            0.0
        ],
        "scale": 1.0,
        "x": 0.0,
        "y": 0.0,
        "z": 0.0
    }
}