{
    "Hunting Rifle-leftHanded": {
        "rotation": [
            -0.16078943014144897,
            -0.9845386147499084,
            -0.06767289340496063,
            0.0,
            0.9865074157714844,
            -0.16032004356384277,
            -0.010761338286101818,
            0.0,
            -0.00023034361947793514,
            -0.06810372322797775,
            0.9980024099349976,
            0.0
        ],
        "scale": 0.9999998211860657,
        "x": 4.8642706871032715,
        "y": -1.7983733415603638,
        "z": -1.1124536991119385
    }
}