{
    "Hunting Rifle-offHand-PowerArmor": {
        "rotation": [
            0.9999707341194153,
            -0.00769211258739233,
            0.0004952892195433378,
            0.0,
            0.007596129085868597,
            0.9943262934684753,
            0.10609962046146393,
            0.0,
            -0.0013086078688502312,
            -0.1060926616191864,
            0.9943551421165466,
            0.0
        ],
        "scale": 1.0,
        "x": 0.0,
        "y": 0.0,
        "z": 0.0
    }
}