{
    "Hunting Rifle-offHand-PowerArmor": {
        "rotation": [
            0.9866448044776917,
            -0.16220393776893616,
            -0.014934751205146313,
            0.0,
            0.16240212321281433,
            0.9866372346878052,
            0.01316770352423191,
            0.0,
            0.012599334120750427,
            -0.01541717816144228,
            0.9998015761375427,
            0.0
        ],
        "scale": 1.0,
        "x": 0.0,
        "y": 0.0,
        "z": 0.0
    }
}