{
    "Hunting Rifle-primHand": {
        "rotation": [
            0.8751381635665894,
            0.03798387572169304,
            0.4823858141899109,
            0.0,
            -0.033265139907598495,
            0.9992783069610596,
            -0.018336117267608643,
            0.0,
            -0.48273423314094543,
            0.0,
            0.8757701516151428,
            0.0
        ],
        "scale": 1.0,
        "x": 0.0,
        "y": 0.0,
        "z": 0.0
    }
}