{
    "Hunting Rifle": {
        "rotation": [
            -0.1218157634139061,
            0.9900875687599182,
            0.06806275248527527,
            0.0,
            0.978038489818573,
            0.13111422955989838,
            -0.15908488631248474,
            0.0,
            -0.16629604995250702,
            0.046835336834192276,
            -0.9852730631828308,
            0.0
        ],
        "scale": 1.0,
        "x": 6.575193405151367,
        "y": -2.3085954189300537,
        "z": -2.346827745437622
    }
}