{
    "Hunting Rifle-leftHanded": {
        "rotation": [
            -0.12824110686779022,
            -0.9890250563621521,
            -0.07162731140851974,
            0.0,
            0.9551151990890503,
            -0.1423412263393402,
            0.2580985426902771,
            0.0,
            -0.26526007056236267,
            -0.03498474135994911,
            0.9638246893882751,
            0.0
        ],
        "scale": 0.9999998807907104,
        "x": 6.799201011657715,
        "y": -2.5677523612976074,
        "z": 3.132999897003174
    }
}