{
    "Hunting Rifle-PowerArmor": {
        "rotation": [
            0.044144608080387115,
            0.9986574649810791,
            0.01980573497712612,
            0.0,
            0.9721809029579163,
            -0.03870539739727974,
            -0.2292158603668213,
            0.0,
            -0.22796319425106049,
            0.02903524599969387,
            -0.9735351800918579,
            0.0
        ],
        "scale": 1.0,
        "x": 7.639779567718506,
        "y": -4.378314018249512,
        "z": -5.070435523986816
    }
}