{
    "Hunting Rifle-offHand": {
        "rotation": [
            0.9987178444862366,
            -0.05061028152704239,
            -0.0013199091190472245,
            0.0,
            0.05062069743871689,
            0.9986714720726013,
            0.00965167861431837,
            0.0,
            0.0008296815212816,
            -0.009706106036901474,
            0.999952495098114,
            0.0
        ],
        "scale": 1.0,
        "x": 0.0,
        "y": 0.0,
        "z": 0.0
    }
}