{
    "Hunting Rifle-offHand": {
        "rotation": [
            0.9999977350234985,
            -0.0022064694203436375,
            -2.0104918803554028e-05,
            0.0,
            0.0022059273906052113,
            0.9994508028030396,
            0.033064283430576324,
            0.0,
            -5.2861450967611745e-05,
            -0.03306424617767334,
            0.999453067779541,
            0.0
        ],
        "scale": 1.0,
        "x": 0.0,
        "y": 0.0,
        "z": 0.0
    }
}