{
    "Institute Rifle": {
        "rotation": [
            -0.13555434346199036,
            0.9881165027618408,
            0.07071670889854431,
            0.0,
            0.9548207521438599,
            0.1490735113620758,
            -0.25536519289016724,
            0.0,
            -0.2626720666885376,
            0.03257657587528229,
            -0.9646201729774475,
            0.0
        ],
        "scale": 0.9499997019767761,
        "x": 8.797571182250977,
        "y": -1.994485855102539,
        "z": -6.426766872406006
    }
}