{
    "Institute Rifle-PowerArmor": {
        "rotation": [
            -0.06217868998646736,
            0.9950766563415527,
            0.07545587420463562,
            0.0,
            0.9925652742385864,
            0.054012127220630646,
            0.10463457554578781,
            0.0,
            0.10000000149011612,
            0.08100000023841858,
            -0.9919999837875366,
            0.0
        ],
        "scale": 0.9999998211860657,
        "x": 12.578853607177734,
        "y": -5.207763195037842,
        "z": -4.082050800323486
    }
}