{
    "Institute-offHand": {
        "rotation": [
            0.9960699081420898,
            -0.08299483358860016,
            -0.030871165916323662,
            0.0,
            0.08443029224872589,
            0.9952459931373596,
            0.04852411895990372,
            0.0,
            0.02669719234108925,
            -0.05094005540013313,
            0.9983416795730591,
            0.0
        ],
        "scale": 1.0,
        "x": 0.0,
        "y": 0.0,
        "z": 0.0
    }
}