{
    "Institute-leftHanded": {
        "rotation": [
            -0.12200000137090683,
            -0.9900000095367432,
            -0.0689999982714653,
            0.0,
            0.9869999885559082,
            -0.11400000005960464,
            -0.10899999737739563,
            0.0,
            0.10000000149011612,
            -0.08100000023841858,
            0.9919999837875366,
            0.0
        ],
        "scale": 0.9499999284744263,
        "x": 8.15053939819336,
        "y": -1.3821505308151245,
        "z": 4.978447914123535
    }
}