{
    "Institute-PowerArmor": {
        "rotation": [
            0.08516661822795868,
            0.9921733140945435,
            0.08966491371393204,
            0.0,
            0.9911759495735168,
            -0.09331455081701279,
            0.08917476236820221,
            0.0,
            0.09680192172527313,
            0.0808783546090126,
            -0.992327868938446,
            0.0
        ],
        "scale": 0.9999999403953552,
        "x": 10.815059661865234,
        "y": -5.694981575012207,
        "z": -7.668031215667725
    }
}