{
    "Institute Rifle-offHand": {
        "rotation": [
            0.9974526762962341,
            -0.07131242007017136,
            -0.0016382025787606835,
            0.0,
            0.07132523506879807,
            0.9968066215515137,
            0.03590858727693558,
            0.0,
            -0.0009277579956687987,
            -0.035933949053287506,
            0.99935382604599,
            0.0
        ],
        "scale": 1.0,
        "x": 0.0,
        "y": 0.0,
        "z": 0.0
    }
}