{
    "Institute Rifle-PowerArmor": {
        "rotation": [
            -0.12167172878980637,
            0.9906225800514221,
            0.05996491387486458,
            0.0,
            0.9559556841850281,
            0.13295361399650574,
            -0.25998610258102417,
            0.0,
            -0.26531752943992615,
            0.025362784042954445,
            -0.9641141891479492,
            0.0
        ],
        "scale": 0.9999998211860657,
        "x": 9.473852157592773,
        "y": -4.5723676681518555,
        "z": -8.487114906311035
    }
}