{
    "Institute-offHand": {
        "rotation": [
            0.9999807476997375,
            -0.002690081251785159,
            -0.005537375342100859,
            0.0,
            0.004110392183065414,
            0.9613614678382874,
            0.275256484746933,
            0.0,
            0.0045829652808606625,
            -0.2752739191055298,
            0.9613540768623352,
            0.0
        ],
        "scale": 1.0,
        "x": 0.0,
        "y": 0.0,
        "z": 0.0
    }
}