{
    "Institute-PowerArmor": {
        "rotation": [
            0.09179466217756271,
            0.9916501045227051,
            0.08889029175043106,
            0.0,
            0.9863239526748657,
            -0.07888717204332352,
            -0.14169414341449738,
            0.0,
            -0.1333933025598526,
            0.10031942278146744,
            -0.9862701296806335,
            0.0
        ],
        "scale": 0.9499999403953552,
        "x": 8.8367280960083,
        "y": -5.369978904724121,
        "z": -7.117988586425781
    }
}