{
    "Institute Rifle-primHand-leftHanded": {
        "rotation": [
            0.861434817314148,
            0.0,
            -0.5078672766685486,
            0.0,
            0.0,
            1.0,
            0.0,
            0.0,
            0.5078672766685486,
            0.0,
            0.861434817314148,
            0.0
        ],
        "scale": 1.0,
        "x": 0.0,
        "y": 0.0,
        "z": 0.0
    }
}