{
    "Institute": {
        "rotation": [
            -0.1279533952474594,
            0.9894420504570007,
            0.06616276502609253,
            0.0,
            0.965510904788971,
            0.13925454020500183,
            -0.21792390942573547,
            0.0,
            -0.2246609330177307,
            0.035657547414302826,
            -0.9740830063819885,
            0.0
        ],
        "scale": 0.9999999403953552,
        "x": 8.305963516235352,
        "y": -2.3681752681732178,
        "z": -5.728313446044922
    }
}