{
    "Institute Rifle-primHand": {
        "rotation": [
            0.8817955851554871,
            0.0,
            0.47163572907447815,
            0.0,
            0.0,
            1.0,
            0.0,
            0.0,
            -0.47163572907447815,
            0.0,
            0.8817955851554871,
            0.0
        ],
        "scale": 1.0,
        "x": 0.0,
        "y": 0.0,
        "z": 0.0
    }
}