{
    "Institute-PowerArmor": {
        "rotation": [
            0.0013791369274258614,
            0.9964950680732727,
            0.08198851346969604,
            0.0,
            0.9945105314254761,
            -0.00968949031084776,
            0.09959878772497177,
            0.0,
            0.10000000149011612,
            0.08100000023841858,
            -0.9919999837875366,
            0.0
        ],
        "scale": 0.9999998211860657,
        "x": 9.625066757202148,
        "y": -5.204887390136719,
        "z": -7.563859939575195
    }
}