{
    "Institute-PowerArmor": {
        "rotation": [
            0.09179466217756271,
            0.9916501045227051,
            0.08889029175043106,
            0.0,
            0.9863239526748657,
            -0.07888717204332352,
            -0.14169414341449738,
            0.0,
            -0.1333933025598526,
            0.10031942278146744,
            -0.9862701296806335,
            0.0
        ],
        "scale": 1.0433297157287598,
        "x": 10.273344039916992,
        "y": -4.710221767425537,
        "z": -7.9983811378479
    }
}