{
    "Junk Jet-PowerArmor": {
        "rotation": [
            -0.04498947411775589,
            0.9958455562591553,
            0.07747920602560043,
            0.0,
            0.9929158687591553,
            0.036300502717494965,
            0.10889466106891632,
            0.0,
            0.10558202862739563,
            0.08142780512571335,
            -0.9913857579231262,
            0.0
        ],
        "scale": 0.9999999403953552,
        "x": 3.401841402053833,
        "y": -4.837469577789307,
        "z": 0.6936428546905518
    }
}