{
    "Junk Jet-PowerArmor": {
        "rotation": [
            0.05645579472184181,
            0.9943583607673645,
            0.08817040920257568,
            0.0,
            0.9923038482666016,
            -0.06541751325130463,
            0.10067235678434372,
            0.0,
            0.10582446306943893,
            0.08140666782855988,
            -0.9913620352745056,
            0.0
        ],
        "scale": 0.9999999403953552,
        "x": 3.971021890640259,
        "y": -4.390846252441406,
        "z": 0.026988938450813293
    }
}