{
    "Junk Jet-offHand": {
        "rotation": [
            0.9179364442825317,
            -0.39639124274253845,
            -0.0163019597530365,
            0.0,
            0.39601197838783264,
            0.9179750680923462,
            -0.02228432707488537,
            0.0,
            0.023798082023859024,
            0.01399972103536129,
            0.9996182918548584,
            0.0
        ],
        "scale": 1.0,
        "x": 0.0,
        "y": 0.0,
        "z": 0.0
    }
}