{
    "Junk Jet-offHand": {
        "rotation": [
            0.9009578227996826,
            -0.43346306681632996,
            -0.019578037783503532,
            0.0,
            0.43196263909339905,
            0.9002761244773865,
            -0.05394392088055611,
            0.0,
            0.04100830480456352,
            0.04014403745532036,
            0.998351514339447,
            0.0
        ],
        "scale": 1.0,
        "x": 0.0,
        "y": 0.0,
        "z": 0.0
    }
}