{
    "Knuckles": {
        "rotation": [
            -0.9736995697021484,
            0.1437000334262848,
            -0.1760828197002411,
            0.0,
            0.19920648634433746,
            0.16787278652191162,
            -0.9649891257286072,
            0.0,
            -0.10884685069322586,
            -0.9756719470024109,
            -0.1918899267911911,
            0.0
        ],
        "scale": 0.9999998807907104,
        "x": 6.225669860839844,
        "y": -1.4319664239883423,
        "z": -2.3004977703094482
    }
}