{
    "Laser Musket-leftHanded": {
        "rotation": [
            -0.16689424216747284,
            -0.9820078015327454,
            -0.08702367544174194,
            0.0,
            0.9323261380195618,
            -0.18563444912433624,
            0.3089647889137268,
            0.0,
            -0.3193230628967285,
            -0.029256794601678848,
            0.9474549293518066,
            0.0
        ],
        "scale": 0.9999999403953552,
        "x": 6.472284317016602,
        "y": -2.561842918395996,
        "z": 3.0276191234588623
    }
}