{
    "Laser-offHand": {
        "rotation": [
            0.9942936897277832,
            0.10575789958238602,
            0.013853787444531918,
            0.0,
            -0.1061287522315979,
            0.9679810404777527,
            0.22747856378555298,
            0.0,
            0.010647510178387165,
            -0.22765128314495087,
            0.9736840724945068,
            0.0
        ],
        "scale": 1.0,
        "x": 0.0,
        "y": 0.0,
        "z": 0.0
    }
}