{
    "Laser Musket": {
        "rotation": [
            -0.08207600563764572,
            0.9941005706787109,
            0.06902143359184265,
            0.0,
            0.9703617095947266,
            0.09518971294164658,
            -0.220106840133667,
            0.0,
            -0.22520524263381958,
            0.04857086017727852,
            -0.9733932018280029,
            0.0
        ],
        "scale": 0.9999998211860657,
        "x": 7.425612449645996,
        "y": -1.6352715492248535,
        "z": -3.132999897003174
    }
}