{
    "Laser-offHand-PowerArmor": {
        "rotation": [
            0.9977594614028931,
            0.06677896529436111,
            0.003666794393211603,
            0.0,
            -0.06559682637453079,
            0.9664629101753235,
            0.24828146398067474,
            0.0,
            0.013036214746534824,
            -0.24796612560749054,
            0.968680202960968,
            0.0
        ],
        "scale": 1.0,
        "x": 0.0,
        "y": 0.0,
        "z": 0.0
    }
}