{
    "Laser-offHand": {
        "rotation": [
            0.9987589716911316,
            -0.04619225114583969,
            -0.018476435914635658,
            0.0,
            0.047287337481975555,
            0.9968222975730896,
            0.06405138224363327,
            0.0,
            0.015459082089364529,
            -0.06484580785036087,
            0.9977735877037048,
            0.0
        ],
        "scale": 1.0,
        "x": 0.0,
        "y": 0.0,
        "z": 0.0
    }
}