{
    "Laser Rifle-primHand-leftHanded": {
        "rotation": [
            0.8830813765525818,
            0.0,
            -0.469218373298645,
            0.0,
            0.0,
            1.0,
            0.0,
            0.0,
            0.469218373298645,
            0.0,
            0.8830813765525818,
            0.0
        ],
        "scale": 1.0,
        "x": 0.0,
        "y": 0.0,
        "z": 0.0
    }
}