{
    "Laser-offHand": {
        "rotation": [
            0.998445987701416,
            0.05562630668282509,
            0.002817586064338684,
            0.0,
            -0.05445200204849243,
            0.9642251133918762,
            0.2594270706176758,
            0.0,
            0.01171424612402916,
            -0.2591775357723236,
            0.9657581448554993,
            0.0
        ],
        "scale": 1.0,
        "x": 0.0,
        "y": 0.0,
        "z": 0.0
    }
}