{
    "Laser Musket": {
        "rotation": [
            -0.15577591955661774,
            0.98492830991745,
            0.07351963222026825,
            0.0,
            0.9358084797859192,
            0.1707262098789215,
            -0.3070218563079834,
            0.0,
            -0.31470951437950134,
            0.020659727975726128,
            -0.9492283463478088,
            0.0
        ],
        "scale": 0.9999999403953552,
        "x": 8.33697509765625,
        "y": -1.5204038619995117,
        "z": -3.132999897003174
    }
}