{
    "Laser-leftHanded": {
        "rotation": [
            -0.14953529834747314,
            -0.9861269593238831,
            -0.07031156122684479,
            0.0,
            0.9860448837280273,
            -0.15345846116542816,
            0.05646245926618576,
            0.0,
            -0.06640055030584335,
            -0.060512617230415344,
            0.9962803721427917,
            0.0
        ],
        "scale": 0.9999998807907104,
        "x": 8.89518928527832,
        "y": -2.66580867767334,
        "z": 5.092009544372559
    }
}