{
    "Laser Musket-PowerArmor": {
        "rotation": [
            0.04748055711388588,
            0.9985915422439575,
            0.01460481621325016,
            0.0,
            0.9593005776405334,
            -0.041843704879283905,
            -0.27786359190940857,
            0.0,
            -0.2766497731208801,
            0.026878630742430687,
            -0.9608754515647888,
            0.0
        ],
        "scale": 0.9999999403953552,
        "x": 8.79135513305664,
        "y": -4.515510559082031,
        "z": -3.6825599670410156
    }
}