{
    "Laser Rifle": {
        "rotation": [
            -0.12333139777183533,
            0.9899735450744629,
            0.06697355210781097,
            0.0,
            0.984886884689331,
            0.13001768290996552,
            -0.1101575493812561,
            0.0,
            -0.11765767633914948,
            0.052011217921972275,
            -0.9920104146003723,
            0.0
        ],
        "scale": 0.9999998807907104,
        "x": 8.270947456359863,
        "y": -1.6062508821487427,
        "z": -5.806187629699707
    }
}