{
    "Laser Musket-primHand-leftHanded": {
        "rotation": [
            0.7155906558036804,
            0.0,
            -0.6985195875167847,
            0.0,
            0.0,
            1.0,
            0.0,
            0.0,
            0.6985195875167847,
            0.0,
            0.7155906558036804,
            0.0
        ],
        "scale": 1.0,
        "x": 0.0,
        "y": 0.0,
        "z": 0.0
    }
}