{
    "Laser-PowerArmor": {
        "rotation": [
            0.007478664163500071,
            0.9980915784835815,
            0.05881422758102417,
            0.0,
            0.9557945132255554,
            0.009783856570720673,
            -0.2925162613391876,
            0.0,
            -0.2923179566860199,
            0.05808011442422867,
            -0.954818606376648,
            0.0
        ],
        "scale": 0.9499997997283936,
        "x": 7.664402961730957,
        "y": -3.3902125358581543,
        "z": -7.804187297821045
    }
}