{
    "Laser": {
        "rotation": [
            -0.06600475311279297,
            0.9951156377792358,
            0.07158200442790985,
            0.0,
            0.9948226809501648,
            0.07059607654809952,
            -0.06620648503303528,
            0.0,
            -0.07086595147848129,
            0.06646771728992462,
            -0.9955890774726868,
            0.0
        ],
        "scale": 0.9999998807907104,
        "x": 7.472348690032959,
        "y": -1.9351303577423096,
        "z": -4.896585941314697
    }
}