{
    "Laser Musket-offHand": {
        "rotation": [
            0.9994485378265381,
            -0.03320248797535896,
            0.0003145728842355311,
            0.0,
            0.03320276364684105,
            0.9994481205940247,
            -0.000872251286637038,
            0.0,
            -0.00028543680673465133,
            0.0008822337840683758,
            0.999999463558197,
            0.0
        ],
        "scale": 1.0,
        "x": 0.0,
        "y": 0.0,
        "z": 0.0
    }
}