{
    "Laser Musket": {
        "rotation": [
            -0.15041828155517578,
            0.9858800768852234,
            0.07188690453767776,
            0.0,
            0.9477869272232056,
            0.16423477232456207,
            -0.2717430591583252,
            0.0,
            -0.27949947118759155,
            0.026934213936328888,
            -0.9600469470024109,
            0.0
        ],
        "scale": 0.9999999403953552,
        "x": 8.771136283874512,
        "y": -1.3126550912857056,
        "z": -3.132999897003174
    }
}