{
    "Laser-offHand-PowerArmor": {
        "rotation": [
            0.9877856373786926,
            -0.15200461447238922,
            -0.034218184649944305,
            0.0,
            0.1553211212158203,
            0.9780105948448181,
            0.13915961980819702,
            0.0,
            0.01231292262673378,
            -0.14277487993240356,
            0.9896767139434814,
            0.0
        ],
        "scale": 1.0,
        "x": 0.0,
        "y": 0.0,
        "z": 0.0
    }
}