{
    "Laser Musket-primHand": {
        "rotation": [
            0.7728744149208069,
            -0.031790994107723236,
            0.6337627172470093,
            0.0,
            0.02458287589251995,
            0.9994944930076599,
            0.02015814185142517,
            0.0,
            -0.6340832710266113,
            0.0,
            0.7732652425765991,
            0.0
        ],
        "scale": 1.0,
        "x": 0.0,
        "y": 0.0,
        "z": 0.0
    }
}