{
    "Laser Rifle-offHand": {
        "rotation": [
            0.9969545006752014,
            -0.07794001698493958,
            0.002748054452240467,
            0.0,
            0.07755877822637558,
            0.9945386648178101,
            0.06982830911874771,
            0.0,
            -0.008175469003617764,
            -0.06940249353647232,
            0.9975546002388,
            0.0
        ],
        "scale": 1.0,
        "x": 0.0,
        "y": 0.0,
        "z": 0.0
    }
}