{
    "Laser-PowerArmor": {
        "rotation": [
            -0.12200000137090683,
            0.9900000095367432,
            0.0689999982714653,
            0.0,
            0.9869999885559082,
            0.11400000005960464,
            0.10899999737739563,
            0.0,
            0.10000000149011612,
            0.08100000023841858,
            -0.9919999837875366,
            0.0
        ],
        "scale": 0.9999997615814209,
        "x": 8.564502716064453,
        "y": -3.782135009765625,
        "z": -6.818273544311523
    }
}