{
    "Laser Rifle-PowerArmor": {
        "rotation": [
            -0.012136079370975494,
            0.9965323209762573,
            0.0806271880865097,
            0.0,
            0.9944348931312561,
            0.0038534279447048903,
            0.10070353001356125,
            0.0,
            0.10000000149011612,
            0.08100000023841858,
            -0.9919999837875366,
            0.0
        ],
        "scale": 0.9999997615814209,
        "x": 8.64291763305664,
        "y": -3.7901298999786377,
        "z": -7.383194446563721
    }
}