{
    "Laser-PowerArmor": {
        "rotation": [
            -0.08533808588981628,
            0.9933798313140869,
            0.07521342486143112,
            0.0,
            0.990077555179596,
            0.09255489706993103,
            -0.10110769420862198,
            0.0,
            -0.10730519145727158,
            0.0654720887541771,
            -0.9923833608627319,
            0.0
        ],
        "scale": 0.9599997997283936,
        "x": 8.53055477142334,
        "y": -3.893923282623291,
        "z": -6.958195686340332
    }
}