{
    "Laser Rifle-PowerArmor": {
        "rotation": [
            -0.10966047644615173,
            0.9915764927864075,
            0.06701546162366867,
            0.0,
            0.9887598752975464,
            0.11529608815908432,
            -0.08995300531387329,
            0.0,
            -0.09683264046907425,
            0.05602966994047165,
            -0.9940435886383057,
            0.0
        ],
        "scale": 0.9999998211860657,
        "x": 8.686861991882324,
        "y": -3.9148077964782715,
        "z": -7.802692413330078
    }
}