{
    "Laser Musket-leftHanded": {
        "rotation": [
            -0.12200000137090683,
            -0.9900000095367432,
            -0.0689999982714653,
            0.0,
            0.9867632389068604,
            -0.1280628740787506,
            0.09452368319034576,
            0.0,
            -0.10232210159301758,
            -0.05618730187416077,
            0.9934861063957214,
            0.0
        ],
        "scale": 0.9999998807907104,
        "x": 7.50674295425415,
        "y": -1.9693578481674194,
        "z": -3.1157405376434326
    }
}