{
    "Machete": {
        "rotation": [
            -0.9399396181106567,
            0.15502168238162994,
            -0.3036889135837555,
            0.0,
            0.3228082060813904,
            0.11852098256349564,
            -0.9385061264038086,
            0.0,
            -0.10922782868146896,
            -0.9811655282974243,
            -0.16127155721187592,
            0.0
        ],
        "scale": 0.9999998807907104,
        "x": 5.588335990905762,
        "y": -1.7782649993896484,
        "z": -3.1253700256347656
    }
}