{
    "Minigun-offHand-PowerArmor": {
        "rotation": [
            0.7722656726837158,
            -0.6318307518959045,
            0.06631022691726685,
            0.0,
            0.6273003816604614,
            0.7748904228210449,
            0.0777406319975853,
            0.0,
            -0.10050210356712341,
            -0.01844031922519207,
            0.9947652816772461,
            0.0
        ],
        "scale": 1.0,
        "x": 0.0,
        "y": 0.0,
        "z": 0.0
    }
}