{
    "Minigun-offHand-PowerArmor": {
        "rotation": [
            0.9453291296958923,
            -0.32512038946151733,
            0.02551606111228466,
            0.0,
            0.32611826062202454,
            0.9421238303184509,
            -0.07781200110912323,
            0.0,
            0.0012590126134455204,
            0.0818791463971138,
            0.9966399073600769,
            0.0
        ],
        "scale": 1.0,
        "x": 0.0,
        "y": 0.0,
        "z": 0.0
    }
}