{
    "Minigun-offHand": {
        "rotation": [
            0.7841112613677979,
            -0.6169732809066772,
            0.06719112396240234,
            0.0,
            0.6115191578865051,
            0.7865462303161621,
            0.08598653972148895,
            0.0,
            -0.10590042173862457,
            -0.026334762573242188,
            0.994027853012085,
            0.0
        ],
        "scale": 1.0,
        "x": 0.0,
        "y": 0.0,
        "z": 0.0
    }
}