{
    "Minigun-PowerArmor": {
        "rotation": [
            -0.029612191021442413,
            0.9963021874427795,
            0.07897850126028061,
            0.0,
            0.9937417507171631,
            0.021091515198349953,
            0.10531539469957352,
            0.0,
            0.1032140925526619,
            0.0812014490365982,
            -0.9916539192199707,
            0.0
        ],
        "scale": 0.9999999403953552,
        "x": 10.034383773803711,
        "y": 3.8525872230529785,
        "z": 6.024390697479248
    }
}