{
    "Minigun-offHand": {
        "rotation": [
            0.9690214991569519,
            -0.24001067876815796,
            0.058247603476047516,
            0.0,
            0.24440856277942657,
            0.9658287763595581,
            -0.08628884702920914,
            0.0,
            -0.0355469286441803,
            0.0978519469499588,
            0.9945629835128784,
            0.0
        ],
        "scale": 1.0,
        "x": 0.0,
        "y": 0.0,
        "z": 0.0
    }
}