{
    "Missile Launcher-offHand": {
        "rotation": [
            0.9773924350738525,
            -0.21133413910865784,
            0.006503263022750616,
            0.0,
            0.21122851967811584,
            0.9746218323707581,
            -0.07412394881248474,
            0.0,
            0.009326708503067493,
            0.07382187992334366,
            0.9972279667854309,
            0.0
        ],
        "scale": 1.0,
        "x": 0.0,
        "y": 0.0,
        "z": 0.0
    }
}