{
    "Missile Launcher-PowerArmor": {
        "rotation": [
            0.02084396965801716,
            0.9960944652557373,
            0.0841534212231636,
            0.0,
            0.9941074848175049,
            -0.02936357632279396,
            0.09979121387004852,
            0.0,
            0.10182738304138184,
            0.08117632567882538,
            -0.9917994737625122,
            0.0
        ],
        "scale": 0.9999999403953552,
        "x": 6.562429428100586,
        "y": -4.7534027099609375,
        "z": -1.676428198814392
    }
}