{
    "NukeGrenade$-throwable": {
        "rotation": [
            0.8396840691566467,
            -0.09854213148355484,
            -0.5340545773506165,
            0.0,
            0.07078605890274048,
            0.9948703050613403,
            -0.07227349281311035,
            0.0,
            0.5384376645088196,
            0.022883592173457146,
            0.8423537611961365,
            0.0
        ],
        "scale": 1.0,
        "x": -2.0,
        "y": 3.0,
        "z": 1.0
    }
}