{
    "NukeGrenade$-throwable-PowerArmor": {
        "rotation": [
            0.809760332107544,
            -0.2906464636325836,
            -0.5097085237503052,
            0.0,
            0.2331622838973999,
            0.956555962562561,
            -0.17502449452877045,
            0.0,
            0.5384376645088196,
            0.022883592173457146,
            0.8423537611961365,
            0.0
        ],
        "scale": 1.0,
        "x": -1.4191895723342896,
        "y": 4.296786785125732,
        "z": 2.8521885871887207
    }
}