{
    "NukeMine$-throwable": {
        "rotation": [
            0.21633316576480865,
            -0.8646716475486755,
            -0.4533650279045105,
            0.0,
            0.35138973593711853,
            0.502206027507782,
            -0.7901293039321899,
            0.0,
            0.9108859300613403,
            0.011621915735304356,
            0.4124850332736969,
            0.0
        ],
        "scale": 1.0,
        "x": -2.5727131366729736,
        "y": 4.627617835998535,
        "z": 1.514737606048584
    }
}