{
    "Pipe Revolver-PowerArmor": {
        "rotation": [
            0.018055502325296402,
            0.9963102340698242,
            0.0822131559252739,
            0.0,
            0.9947119951248169,
            -0.025960467755794525,
            0.0945555716753006,
            0.0,
            0.09629969298839569,
            0.07967063039541245,
            -0.9924752116203308,
            0.0
        ],
        "scale": 0.9999999403953552,
        "x": 11.561433792114258,
        "y": -4.162031650543213,
        "z": -7.81475830078125
    }
}