{
    "Pipe-PowerArmor": {
        "rotation": [
            0.04270191863179207,
            0.9952419996261597,
            0.08591718226671219,
            0.0,
            0.993294358253479,
            -0.05131447687745094,
            0.09906485676765442,
            0.0,
            0.10295644402503967,
            0.08070922642946243,
            -0.9917219877243042,
            0.0
        ],
        "scale": 0.9999998807907104,
        "x": 11.178427696228027,
        "y": -3.691622495651245,
        "z": -9.00268840789795
    }
}