{
    "Pipe Wrench": {
        "rotation": [
            -0.534565806388855,
            -0.7959473133087158,
            -0.2841874063014984,
            0.0,
            0.3228082060813904,
            0.11852098256349564,
            -0.9385061264038086,
            0.0,
            0.7808051109313965,
            -0.5942925214767456,
            0.19357934594154358,
            0.0
        ],
        "scale": 0.9999998807907104,
        "x": 4.9777092933654785,
        "y": -2.1796321868896484,
        "z": -1.0
    }
}