{
    "Pipe Rifle-primHand-leftHanded": {
        "rotation": [
            0.9770514965057373,
            0.0,
            -0.2129998356103897,
            0.0,
            0.0,
            1.0,
            0.0,
            0.0,
            0.2129998356103897,
            0.0,
            0.9770514965057373,
            0.0
        ],
        "scale": 1.0,
        "x": 0.0,
        "y": 0.0,
        "z": 0.0
    }
}