{
    "Pipe Bolt-Action-offHand": {
        "rotation": [
            0.9995682835578918,
            0.0291727464646101,
            0.0035519355442374945,
            0.0,
            -0.029253479093313217,
            0.9761320948600769,
            0.21519768238067627,
            0.0,
            0.0028107529506087303,
            -0.21520866453647614,
            0.9765632748603821,
            0.0
        ],
        "scale": 1.0,
        "x": 0.0,
        "y": 0.0,
        "z": 0.0
    }
}