{
    "Pipe Bolt-Action-offHand": {
        "rotation": [
            0.9963793158531189,
            -0.08323942124843597,
            -0.01732785627245903,
            0.0,
            0.08248503506183624,
            0.9957700371742249,
            -0.04045923799276352,
            0.0,
            0.020622417330741882,
            0.038883645087480545,
            0.9990299344062805,
            0.0
        ],
        "scale": 1.0,
        "x": 0.0,
        "y": 0.0,
        "z": 0.0
    }
}