{
    "Pipe Rifle-primHand": {
        "rotation": [
            0.9501339793205261,
            0.0,
            0.31184661388397217,
            0.0,
            0.0,
            1.0,
            0.0,
            0.0,
            -0.31184661388397217,
            0.0,
            0.9501339793205261,
            0.0
        ],
        "scale": 1.0,
        "x": 0.0,
        "y": 0.0,
        "z": 0.0
    }
}