{
    "Pipe-offHand": {
        "rotation": [
            0.999970555305481,
            0.006826768163591623,
            0.0035077128559350967,
            0.0,
            -0.007401967886835337,
            0.9786264896392822,
            0.20551413297653198,
            0.0,
            -0.00202974583953619,
            -0.20553390681743622,
            0.9786480665206909,
            0.0
        ],
        "scale": 1.0,
        "x": 0.0,
        "y": 0.0,
        "z": 0.0
    }
}