{
    "Pipe Wrench-PowerArmor": {
        "rotation": [
            -0.6966126561164856,
            -0.6701948046684265,
            -0.2557408809661865,
            0.0,
            0.2397836297750473,
            0.11852098256349564,
            -0.9630693197250366,
            0.0,
            0.675920307636261,
            -0.7331810593605042,
            0.07815905660390854,
            0.0
        ],
        "scale": 1.0,
        "x": 4.794697284698486,
        "y": -4.0755743980407715,
        "z": -3.132999897003174
    }
}