{
    "Pipe Bolt-Action Rifle-PowerArmor": {
        "rotation": [
            -0.12066119909286499,
            0.990265429019928,
            0.06752001494169235,
            0.0,
            0.991674542427063,
            0.12242786586284637,
            -0.024790335446596146,
            0.0,
            -0.03276946768164635,
            0.06358601152896881,
            -0.997763454914093,
            0.0
        ],
        "scale": 0.9999999403953552,
        "x": 10.444941520690918,
        "y": -3.344719409942627,
        "z": -8.530228614807129
    }
}