{
    "Pipe-offHand": {
        "rotation": [
            0.9964813590049744,
            -0.0838053971529007,
            -0.0015248242998495698,
            0.0,
            0.08374521881341934,
            0.9962021708488464,
            -0.023844437673687935,
            0.0,
            0.0035173133946955204,
            0.023633016273379326,
            0.9997149705886841,
            0.0
        ],
        "scale": 1.0,
        "x": 0.0,
        "y": 0.0,
        "z": 0.0
    }
}