{
    "Pipe Rifle": {
        "rotation": [
            -0.14724679291248322,
            0.9866682291030884,
            0.06745689362287521,
            0.0,
            0.9855154156684875,
            0.15169848501682281,
            -0.06905196607112885,
            0.0,
            -0.07828764617443085,
            0.05593996122479439,
            -0.9956831336021423,
            0.0
        ],
        "scale": 0.9999998807907104,
        "x": 10.461627006530762,
        "y": -1.192549705505371,
        "z": -7.353421211242676
    }
}