{
    "Pipe Bolt-Action-PowerArmor": {
        "rotation": [
            -0.05297211557626724,
            0.9957919716835022,
            0.07298330217599869,
            0.0,
            0.9967337846755981,
            0.04878220707178116,
            0.05643170326948166,
            0.0,
            0.05262196436524391,
            0.07533958554267883,
            -0.9960898160934448,
            0.0
        ],
        "scale": 0.9999999403953552,
        "x": 9.498363494873047,
        "y": -4.737298011779785,
        "z": -8.06137752532959
    }
}