{
    "Pipe Rifle": {
        "rotation": [
            -0.14724679291248322,
            0.9866682291030884,
            0.06745689362287521,
            0.0,
            0.9855154156684875,
            0.15169848501682281,
            -0.06905196607112885,
            0.0,
            -0.07828764617443085,
            0.05593996122479439,
            -0.9956831336021423,
            0.0
        ],
        "scale": 0.9999998807907104,
        "x": 9.93288803100586,
        "y": -1.07729172706604,
        "z": -5.700107574462891
    }
}