{
    "Pipe Bolt-Action-PowerArmor": {
        "rotation": [
            -0.03284355252981186,
            0.9965735077857971,
            0.07410744577646255,
            0.0,
            0.997599720954895,
            0.028673503547906876,
            0.0549471378326416,
            0.0,
            0.05262196436524391,
            0.07533958554267883,
            -0.9960898160934448,
            0.0
        ],
        "scale": 1.074730634689331,
        "x": 11.162764549255371,
        "y": -4.204807758331299,
        "z": -8.73316478729248
    }
}