{
    "Pipe Bolt-Action": {
        "rotation": [
            -0.12742260098457336,
            0.9893516302108765,
            0.06849964708089828,
            0.0,
            0.9898977279663086,
            0.12307004630565643,
            0.06314719468355179,
            0.0,
            0.0540316216647625,
            0.07545919716358185,
            -0.9960051774978638,
            0.0
        ],
        "scale": 0.8856709003448486,
        "x": 9.931848526000977,
        "y": -1.282646894454956,
        "z": -5.419971466064453
    }
}