{
    "Plasma-PowerArmor": {
        "rotation": [
            0.005172700621187687,
            0.9964987635612488,
            0.0817776769399643,
            0.0,
            0.9956377148628235,
            -0.012455636635422707,
            0.08725597709417343,
            0.0,
            0.08793305605649948,
            0.08057011663913727,
            -0.9931793212890625,
            0.0
        ],
        "scale": 0.9999999403953552,
        "x": 8.249332427978516,
        "y": -4.490800380706787,
        "z": -5.25884485244751
    }
}