{
    "Plasma-offHand": {
        "rotation": [
            0.9894185662269592,
            -0.1449204534292221,
            -0.0069443718530237675,
            0.0,
            0.1449080854654312,
            0.9894429445266724,
            -0.0022567003034055233,
            0.0,
            0.007198115345090628,
            0.0012266337871551514,
            0.9999733567237854,
            0.0
        ],
        "scale": 1.0,
        "x": 0.0,
        "y": 0.0,
        "z": 0.0
    }
}