{
    "PlasmaGrenade$-throwable-PowerArmor": {
        "rotation": [
            0.9181572794914246,
            -0.3961504101753235,
            0.006773445289582014,
            0.0,
            0.3904748857021332,
            0.907637894153595,
            0.15400828421115875,
            0.0,
            -0.06715846806764603,
            -0.13875934481620789,
            0.9880459904670715,
            0.0
        ],
        "scale": 1.0,
        "x": -1.1774365901947021,
        "y": 4.756072044372559,
        "z": 2.292189359664917
    }
}