{
    "Plasma-PowerArmor": {
        "rotation": [
            0.005172700621187687,
            0.9964987635612488,
            0.0817776769399643,
            0.0,
            0.9956377148628235,
            -0.012455636635422707,
            0.08725597709417343,
            0.0,
            0.08793305605649948,
            0.08057011663913727,
            -0.9931793212890625,
            0.0
        ],
        "scale": 1.0971912145614624,
        "x": 8.992236137390137,
        "y": -4.652004241943359,
        "z": -6.007278919219971
    }
}