{
    "Plasma Rifle-offHand": {
        "rotation": [
            0.9930902719497681,
            -0.11732211709022522,
            -0.00255563179962337,
            0.0,
            0.1172686442732811,
            0.9913565516471863,
            0.058818548917770386,
            0.0,
            -0.00436717364937067,
            -0.05871186777949333,
            0.9982647895812988,
            0.0
        ],
        "scale": 1.0,
        "x": 0.0,
        "y": 0.0,
        "z": 0.0
    }
}