{
    "Plasma Rifle-PowerArmor": {
        "rotation": [
            -0.07674655318260193,
            0.9941769242286682,
            0.07391137629747391,
            0.0,
            0.9915457963943481,
            0.0686177983880043,
            0.10573133826255798,
            0.0,
            0.10000000149011612,
            0.08100000023841858,
            -0.9919999837875366,
            0.0
        ],
        "scale": 0.9999997615814209,
        "x": 9.545147895812988,
        "y": -4.770849704742432,
        "z": -4.119937896728516
    }
}