{
    "PlasmaMine$-throwable": {
        "rotation": [
            -0.15842707455158234,
            0.893101692199707,
            0.42101994156837463,
            0.0,
            -0.5489800572395325,
            -0.43409809470176697,
            0.7142609357833862,
            0.0,
            0.8206756114959717,
            -0.11797517538070679,
            0.5590742826461792,
            0.0
        ],
        "scale": 1.0,
        "x": -4.70258903503418,
        "y": 0.46642592549324036,
        "z": 5.021463394165039
    }
}