{
    "PlasmaMine$-throwable-PowerArmor": {
        "rotation": [
            -0.2796429991722107,
            0.8336718678474426,
            0.47620365023612976,
            0.0,
            -0.08777233958244324,
            -0.5161156058311462,
            0.8520045876502991,
            0.0,
            0.9560767412185669,
            0.19645778834819794,
            0.21750468015670776,
            0.0
        ],
        "scale": 1.0,
        "x": -2.3269753456115723,
        "y": 1.797277569770813,
        "z": 8.171174049377441
    }
}