{
    "Plasma-offHand": {
        "rotation": [
            0.997437059879303,
            -0.0714278519153595,
            -0.004165193997323513,
            0.0,
            0.07151566445827484,
            0.9934942722320557,
            0.08862574398517609,
            0.0,
            -0.002192246727645397,
            -0.0886964201927185,
            0.9960561990737915,
            0.0
        ],
        "scale": 1.0,
        "x": 0.0,
        "y": 0.0,
        "z": 0.0
    }
}