{
    "Power Fist": {
        "rotation": [
            -0.9812352657318115,
            0.17510750889778137,
            -0.07926124334335327,
            0.0,
            0.11568740010261536,
            0.2099684476852417,
            -0.9703786373138428,
            0.0,
            -0.15301944315433502,
            -0.9622958302497864,
            -0.2260752022266388,
            0.0
        ],
        "scale": 0.9999998807907104,
        "x": 6.4502739906311035,
        "y": -1.8889641761779785,
        "z": -2.3965260982513428
    }
}