{
    "PulseMine$-throwable": {
        "rotation": [
            0.15178149938583374,
            0.4187502861022949,
            -0.8953229784965515,
            0.0,
            -0.5194451808929443,
            0.8044349551200867,
            0.28818279504776,
            0.0,
            0.8409130573272705,
            0.42133063077926636,
            0.3396182656288147,
            0.0
        ],
        "scale": 1.0,
        "x": -3.737281084060669,
        "y": 0.22111959755420685,
        "z": 4.860559463500977
    }
}