{
    "PulseMine$-throwable-PowerArmor": {
        "rotation": [
            0.13867832720279694,
            0.413114458322525,
            -0.9000533819198608,
            0.0,
            -0.4082738161087036,
            0.8518552780151367,
            0.3280882239341736,
            0.0,
            0.9022617340087891,
            0.3219698965549469,
            0.28679996728897095,
            0.0
        ],
        "scale": 1.0,
        "x": -3.737281084060669,
        "y": 3.5829858779907227,
        "z": 7.600322246551514
    }
}