{
    "Railway Rifle-offHand": {
        "rotation": [
            0.9852697849273682,
            -0.16875949501991272,
            -0.02763519622385502,
            0.0,
            0.17065054178237915,
            0.9598567485809326,
            0.22260332107543945,
            0.0,
            -0.011040586046874523,
            -0.22404013574123383,
            0.974515974521637,
            0.0
        ],
        "scale": 1.0,
        "x": 0.0,
        "y": 0.0,
        "z": 0.0
    }
}