{
    "Railway Rifle-PowerArmor": {
        "rotation": [
            -0.09936267882585526,
            0.9926164746284485,
            0.06769665330648422,
            0.0,
            0.9755975008010864,
            0.1102602630853653,
            -0.18744613230228424,
            0.0,
            -0.19337297976016998,
            0.047072190791368484,
            -0.9802976250648499,
            0.0
        ],
        "scale": 0.9999998807907104,
        "x": 8.540151596069336,
        "y": -4.60630989074707,
        "z": -3.667747974395752
    }
}