{
    "Revolutionary Sword": {
        "rotation": [
            -0.9382278323173523,
            -0.08869639784097672,
            -0.3338290750980377,
            0.0,
            0.3228082060813904,
            0.11852098256349564,
            -0.9385061264038086,
            0.0,
            0.12306620925664902,
            -0.9893683791160583,
            -0.08242243528366089,
            0.0
        ],
        "scale": 0.9999998807907104,
        "x": 4.722794532775879,
        "y": -1.5059940814971924,
        "z": -1.0
    }
}