{
    "Revolutionary Sword": {
        "rotation": [
            -0.9504106640815735,
            -0.1726873219013214,
            -0.25778597593307495,
            0.0,
            0.2397836297750473,
            0.11852098256349564,
            -0.9630693197250366,
            0.0,
            0.19712507724761963,
            -0.9782100319862366,
            -0.07112502306699753,
            0.0
        ],
        "scale": 1.0,
        "x": 4.7260589599609375,
        "y": -1.7701334953308105,
        "z": -0.28023749589920044
    }
}