{
    "Revolutionary Sword-PowerArmor": {
        "rotation": [
            -0.9618587493896484,
            -0.1344621330499649,
            -0.23730477690696716,
            0.0,
            0.17506621778011322,
            0.36266306042671204,
            -0.9149155020713806,
            0.0,
            0.209315225481987,
            -0.9225805401802063,
            -0.32500675320625305,
            0.0
        ],
        "scale": 1.0,
        "x": 5.460597515106201,
        "y": -3.740837574005127,
        "z": -2.702901601791382
    }
}