{
    "Ripper": {
        "rotation": [
            -0.9628310799598694,
            0.15502168238162994,
            -0.22061215341091156,
            0.0,
            0.2397836297750473,
            0.11852098256349564,
            -0.9630693197250366,
            0.0,
            -0.12286791205406189,
            -0.9811655282974243,
            -0.151138037443161,
            0.0
        ],
        "scale": 0.9999998807907104,
        "x": 5.51681661605835,
        "y": -1.5203425884246826,
        "z": -2.1022512912750244
    }
}