{
    "Service Rifle": {
        "rotation": [
            -0.052783820778131485,
            0.9957204461097717,
            0.07409221678972244,
            0.0,
            0.9962688684463501,
            0.0478910356760025,
            0.0647956132888794,
            0.0,
            0.06095234304666519,
            0.07684013992547989,
            -0.9954988360404968,
            0.0
        ],
        "scale": 0.9999998807907104,
        "x": -7.9783196449279785,
        "y": -1.894098162651062,
        "z": -3.848229169845581
    }
}