{
    "Service Rifle-offHand": {
        "rotation": [
            0.9992929100990295,
            -0.03718428686261177,
            0.005626963451504707,
            0.0,
            0.037605252116918564,
            0.9896676540374756,
            -0.1383606195449829,
            0.0,
            -0.00042398381629027426,
            0.13847438991069794,
            0.9903658032417297,
            0.0
        ],
        "scale": 1.0,
        "x": 0.0,
        "y": 0.0,
        "z": 0.0
    }
}