{
    "Service Rifle-offHand-PowerArmor": {
        "rotation": [
            0.9998969435691833,
            0.014358892105519772,
            0.0008184016332961619,
            0.0,
            -0.014382025226950645,
            0.9979837536811829,
            0.061821915209293365,
            0.0,
            7.094239117577672e-05,
            -0.06182728335261345,
            0.9980867505073547,
            0.0
        ],
        "scale": 1.0,
        "x": 0.0,
        "y": 0.0,
        "z": 0.0
    }
}