{
    "Service Rifle-PowerArmor": {
        "rotation": [
            -0.0004976646741852164,
            0.9965464472770691,
            0.08136187493801117,
            0.0,
            0.995246946811676,
            -0.007149155717343092,
            0.09217343479394913,
            0.0,
            0.09239798039197922,
            0.08062102645635605,
            -0.992769718170166,
            0.0
        ],
        "scale": 0.9999998807907104,
        "x": 3.209730625152588,
        "y": -4.464115142822266,
        "z": -4.9852423667907715
    }
}