{
    "Service Rifle-offHand-PowerArmor": {
        "rotation": [
            0.987143337726593,
            -0.1598387509584427,
            -0.001177941681817174,
            0.0,
            0.15920057892799377,
            0.9838069677352905,
            -0.08233996480703354,
            0.0,
            0.014319980517029762,
            0.08109373599290848,
            0.996602475643158,
            0.0
        ],
        "scale": 1.0,
        "x": 0.0,
        "y": 0.0,
        "z": 0.0
    }
}