{
    "Shishkebab-PowerArmor": {
        "rotation": [
            -0.9481231570243835,
            0.24150142073631287,
            -0.20632556080818176,
            0.0,
            0.2397836297750473,
            0.11852098256349564,
            -0.9630693197250366,
            0.0,
            -0.20784680545330048,
            -0.9635312557220459,
            -0.17012359201908112,
            0.0
        ],
        "scale": 0.9999998807907104,
        "x": 5.9254560470581055,
        "y": -4.183180809020996,
        "z": -5.557453632354736
    }
}