{
    "Shishkebab": {
        "rotation": [
            -0.9348234534263611,
            -0.23874083161354065,
            -0.26202192902565,
            0.0,
            0.2397836297750473,
            0.11852098256349564,
            -0.9630693197250366,
            0.0,
            0.2612336277961731,
            -0.9642192125320435,
            -0.05344858765602112,
            0.0
        ],
        "scale": 0.9999998807907104,
        "x": 5.458201885223389,
        "y": -2.843064546585083,
        "z": -3.132999897003174
    }
}