{
    "Shishkebab": {
        "rotation": [
            -0.9459561109542847,
            0.01536511816084385,
            -0.3233664631843567,
            0.0,
            0.3228082060813904,
            0.11852098256349564,
            -0.9385061264038086,
            0.0,
            0.024169662967324257,
            -0.9932175874710083,
            -0.1169172078371048,
            0.0
        ],
        "scale": 1.0,
        "x": 5.506410121917725,
        "y": -2.5146028995513916,
        "z": -1.9616050720214844
    }
}