{
    "Submachine Gun-offHand": {
        "rotation": [
            0.9975961446762085,
            0.06886525452136993,
            0.0076778000220656395,
            0.0,
            -0.06928355246782303,
            0.9930536150932312,
            0.09510304778814316,
            0.0,
            -0.001075172796845436,
            -0.09540639817714691,
            0.995437741279602,
            0.0
        ],
        "scale": 1.0,
        "x": 0.0,
        "y": 0.0,
        "z": 0.0
    }
}