{
    "Submachine Gun-offHand": {
        "rotation": [
            0.9978979229927063,
            -0.0642828643321991,
            -0.008166749030351639,
            0.0,
            0.06368304789066315,
            0.9961796998977661,
            -0.05975684896111488,
            0.0,
            0.011976889334619045,
            0.05911138653755188,
            0.9981772303581238,
            0.0
        ],
        "scale": 1.0,
        "x": 0.0,
        "y": 0.0,
        "z": 0.0
    }
}