{
    "Submachine Gun-PowerArmor": {
        "rotation": [
            0.06833361089229584,
            0.9937132596969604,
            0.08700131624937057,
            0.0,
            0.9933043718338013,
            -0.0756438598036766,
            0.08189849555492401,
            0.0,
            0.08792879432439804,
            0.08042284101247787,
            -0.993192195892334,
            0.0
        ],
        "scale": 0.9999999403953552,
        "x": 9.444226264953613,
        "y": -4.538936138153076,
        "z": -5.384915828704834
    }
}