{
    "Switchblade-leftHanded": {
        "rotation": [
            -0.9203107357025146,
            0.01754678040742874,
            0.39046812057495117,
            0.0,
            0.3869215250015259,
            -0.09864946454763412,
            0.9163001775741577,
            0.0,
            0.05499415099620819,
            0.9952847957611084,
            0.0837191790342331,
            0.0
        ],
        "scale": 1.0,
        "x": 7.397948265075684,
        "y": -2.0182979106903076,
        "z": 2.820895195007324
    }
}