{
    "Switchblade": {
        "rotation": [
            -0.5922727584838867,
            -0.7465071082115173,
            -0.30315127968788147,
            0.0,
            0.33711373805999756,
            0.11216502636671066,
            -0.9342483878135681,
            0.0,
            0.7315670847892761,
            -0.6564398407936096,
            0.18522882461547852,
            0.0
        ],
        "scale": 1.0,
        "x": 6.054388523101807,
        "y": -1.5028114318847656,
        "z": -2.9675817489624023
    }
}