{
    "Switchblade-PowerArmor": {
        "rotation": [
            -0.6145763993263245,
            -0.7453647255897522,
            -0.258238285779953,
            0.0,
            0.20265986025333405,
            0.16732041537761688,
            -0.9643645286560059,
            0.0,
            0.7621433138847351,
            -0.6459136605262756,
            0.0482652522623539,
            0.0
        ],
        "scale": 0.9999998807907104,
        "x": 5.317150592803955,
        "y": -3.971010684967041,
        "z": -4.74475622177124
    }
}