{
    "Switchblade-leftHanded": {
        "rotation": [
            -0.7541328072547913,
            0.4152281880378723,
            0.5082809925079346,
            0.0,
            0.4426927864551544,
            -0.2507631182670593,
            0.8607203364372253,
            0.0,
            0.4845012128353119,
            0.8749028444290161,
            0.0053053973242640495,
            0.0
        ],
        "scale": 1.0,
        "x": 8.825937271118164,
        "y": -3.4074978828430176,
        "z": 3.680760145187378
    }
}