{
    "Switchblade": {
        "rotation": [
            -0.6248142123222351,
            -0.7368234992027283,
            -0.25813958048820496,
            0.0,
            0.25195246934890747,
            0.12272992730140686,
            -0.9594303965568542,
            0.0,
            0.7387564778327942,
            -0.6654247641563416,
            0.10896044224500656,
            0.0
        ],
        "scale": 0.9999998807907104,
        "x": 6.066844940185547,
        "y": -1.5481922626495361,
        "z": -3.197929859161377
    }
}