{
    "Syringer-PowerArmor": {
        "rotation": [
            0.03567340597510338,
            0.9977591633796692,
            0.05377104505896568,
            0.0,
            0.9957132339477539,
            -0.03142622113227844,
            -0.08155052363872528,
            0.0,
            -0.07960009574890137,
            0.05607772246003151,
            -0.9955725073814392,
            0.0
        ],
        "scale": 0.9999998211860657,
        "x": 8.310964584350586,
        "y": -4.057379722595215,
        "z": -7.076477527618408
    }
}