{
    "Syringer": {
        "rotation": [
            -0.11571516841650009,
            0.9909583926200867,
            0.06597170233726501,
            0.0,
            0.9893173575401306,
            0.1204594224691391,
            -0.07597994804382324,
            0.0,
            -0.0831596851348877,
            0.05610358715057373,
            -0.9952794909477234,
            0.0
        ],
        "scale": 0.9999998211860657,
        "x": 9.03341293334961,
        "y": -1.4835082292556763,
        "z": -5.5686726570129395
    }
}