{
    "TestMine$-throwable": {
        "rotation": [
            0.04986304044723511,
            0.929685652256012,
            0.36492833495140076,
            0.0,
            -0.247501939535141,
            -0.3424811363220215,
            0.9063255786895752,
            0.0,
            0.9676014184951782,
            -0.1355162113904953,
            0.21302372217178345,
            0.0
        ],
        "scale": 1.0,
        "x": -4.63828182220459,
        "y": 0.44703051447868347,
        "z": 5.691038608551025
    }
}