{
    "Tire Iron-PowerArmor": {
        "rotation": [
            -0.9054737091064453,
            -0.3300785720348358,
            -0.2659390866756439,
            0.0,
            0.2397836297750473,
            0.11852098256349564,
            -0.9630693197250366,
            0.0,
            0.34964972734451294,
            -0.9368903040885925,
            -0.02808299846947193,
            0.0
        ],
        "scale": 1.000000238418579,
        "x": 5.504721164703369,
        "y": -4.094288349151611,
        "z": -3.132999897003174
    }
}