{
    "Walking Cane": {
        "rotation": [
            -0.9399396181106567,
            0.15502168238162994,
            -0.3036889135837555,
            0.0,
            0.3228082060813904,
            0.11852098256349564,
            -0.9385061264038086,
            0.0,
            -0.10922782868146896,
            -0.9811655282974243,
            -0.16127155721187592,
            0.0
        ],
        "scale": 0.9999998807907104,
        "x": 4.962398529052734,
        "y": -1.933609127998352,
        "z": -1.0
    }
}