{
    "Pipe Bolt-Action": {
        "rotation": [
            0.13228300213813782,
            0.9895506501197815,
            -0.057357873767614365,
            0.0,
            0.9907084703445435,
            -0.13383781909942627,
            -0.024153660982847214,
            0.0,
            -0.03157799318432808,
            -0.05362983047962189,
            -0.9980611801147461,
            0.0
        ],
        "scale": 0.9999998211860657,
        "x": 6.08173942565918,
        "y": -1.3607487678527832,
        "z": -5.736275672912598
    }
}