{
    "PipboyPosition": {
        "rotation": [
            1.0,
            0.0,
            0.0,
            0.0,
            0.0,
            0.9117131233215332,
            0.4106924831867218,
            0.0,
            0.0,
            -0.4106924831867218,
            0.9117131233215332,
            0.0
        ],
        "scale": 0.40200769901275635,
        "x": -1.6121656894683838,
        "y": -0.30681756138801575,
        "z": 0.19574418663978577
    }
}